Workbook

Sheet 新产品
A1: 产品名（实时更新中） | B1: 开测时间 | C1: 是否下架 | D1: 产品归属 | E1: 题材 | F1: 画风 | G1: 发行商 | H1: 公司归属
A2: Endless Zombies | B2: 46035 | D2: Endless Zombies | E2: 丧尸 | F2: 卡通渲染 | G2: Vividiy | H2: =VLOOKUP(G2,公司归属!$B:$C,2,FALSE) -> Vividiy
A3: Escape from Zarkov | B3: 46043 | D3: Escape from Zarkov | E3: 丧尸 | F3: 卡通渲染 | G3: Larks Holding | H3: =VLOOKUP(G3,公司归属!$B:$C,2,FALSE) -> 尼毕鲁
A4: Last Echo | B4: 46041 | D4: Last Echo | E4: 魔幻/神话/吸血鬼/幻想世界 | F4: 卡通渲染 | G4: Glaciers Game | H4: =VLOOKUP(G4,公司归属!$B:$C,2,FALSE) -> 冰川
A5: Lost Waters | B5: 46040 | D5: Lost Waters | E5: 海岛/水世界/木筏 | F5: 写实 | G5: Warrior Cabera | H5: =VLOOKUP(G5,公司归属!$B:$C,2,FALSE) -> 趣加
A6: Titan Rush | B6: 46038 | D6: Titan Rush | E6: 机甲/赛博科幻 | F6: 写实 | G6: RATING GAME | H6: =VLOOKUP(G6,公司归属!$B:$C,2,FALSE) -> 掌趣
A7: Mad ASylum(CBT) | B7: 46022 | D7: Mad ASylum(CBT) | E7: 丧尸 | F7: 卡通渲染 | G7: Etolies Game | H7: =VLOOKUP(G7,公司归属!$B:$C,2,FALSE) -> Rastar 星辉娱乐
A8: Last Light | B8: 45994 | D8: Last Light | E8: 魔幻/神话/吸血鬼/幻想世界 | F8: 卡通渲染 | G8: Dinosaur-Games | H8: =VLOOKUP(G8,公司归属!$B:$C,2,FALSE) -> 冰川
A9: Deepsea Survival | B9: 46031 | C9: 46036 | D9: Deepsea Survival | E9: 海岛/水世界/木筏 | F9: 卡通渲染 | G9: Lunova Game | H9: =VLOOKUP(G9,公司归属!$B:$C,2,FALSE) -> 完美世界
A10: BlitzLoot | B10: 46031 | C10: 46044 | D10: BlitzLoot | E10: 丧尸 | F10: 卡通渲染 | G10: Rhinos | H10: =VLOOKUP(G10,公司归属!$B:$C,2,FALSE) -> 4399 Games
A11: Darkout Survival | B11: 46030 | D11: Darkout Survival | E11: 丧尸 | F11: 卡通渲染 | G11: SkyRise | H11: =VLOOKUP(G11,公司归属!$B:$C,2,FALSE) -> IGG 天盟数码
A12: Z-Fortress | B12: 46030 | D12: Z-Fortress | E12: 丧尸 | F12: 卡通渲染 | G12: Happy Loong Limited | H12: =VLOOKUP(G12,公司归属!$B:$C,2,FALSE) -> 天龙互娱
A13: Sea of Sand | B13: 46030 | D13: Sea of Sand | E13: 海岛/水世界/木筏 | F13: 卡通渲染 | G13: ACT10 Games | H13: =VLOOKUP(G13,公司归属!$B:$C,2,FALSE) -> 上海奥萌尼科技有限公司
A14: Toy Force | B14: 46027 | D14: Toy Force 玩具力量 | E14: 玩具兵人 | F14: 卡通渲染 | G14: StarFortune | H14: =VLOOKUP(G14,公司归属!$B:$C,2,FALSE) -> 星合
A15: Mine Cosmos | B15: 46027 | D15: Mine Cosmos | E15: 丧尸 | F15: 卡通渲染 | G15: Peachcat Online Co., Limited | H15: =VLOOKUP(G15,公司归属!$B:$C,2,FALSE) -> 北京骑士王国/北京狐之空
A16: Dark Shot: Last Stand | B16: 45978 | D16: =VLOOKUP(#REF!,产品归属!$B:$E,4,FALSE) -> #REF! | E16: 丧尸 | F16: 写实 | G16: Triathlon HK | H16: =VLOOKUP(G16,公司归属!$B:$C,2,FALSE) -> 趣加
A17: Lord Defence | B17: 46022 | D17: Lord Defence | E17: 魔幻/神话/吸血鬼/幻想世界 | F17: 卡通渲染 | G17: ZHU HAI WEN JING TECHNOLOGY CO.LTD | H17: =VLOOKUP(G17,公司归属!$B:$C,2,FALSE) -> ZHU HAI WEN JING TECHNOLOGY CO.LTD
A18: Catch & Build: Land of Pals | B18: 45945 | D18: Catch & Build: Land of Pals | E18: 帕鲁/宠物小精灵/宠物进化 | F18: 卡通渲染 | G18: Joy Nice Games | H18: =VLOOKUP(G18,公司归属!$B:$C,2,FALSE) -> 4399 Games
A19: Lost Oasis: Monster War | B19: 46020 | D19: Lost Oasis: Monster War | E19: 帕鲁/宠物小精灵/宠物进化 | F19: 卡通渲染 | G19: PERASPERA GAMES | H19: =VLOOKUP(G19,公司归属!$B:$C,2,FALSE) -> 龙锐
A20: The Last Bastion | B20: 46019 | D20: The Last Bastion | E20: 丧尸 | F20: 卡通渲染 | G20: Miracle Town | H20: =VLOOKUP(G20,公司归属!$B:$C,2,FALSE) -> Miracle Town
A21: Outbreak County | B21: 46017 | D21: =VLOOKUP(#REF!,产品归属!$B:$E,4,FALSE) -> #REF! | E21: 丧尸 | F21: 卡通渲染 | G21: Eric Guillory | H21: =VLOOKUP(G21,公司归属!$B:$C,2,FALSE) -> 趣加
A22: Zombelt Survival | B22: 46017 | C22: 46025 | D22: Zombelt Survival | E22: 丧尸 | F22: 卡通渲染 | G22: silas makokha | H22: =VLOOKUP(G22,公司归属!$B:$C,2,FALSE) -> 点点
A23: Hope War Z | B23: 46015 | D23: Hope War Z | E23: 丧尸 | F23: 写实 | G23: Droupnir Entertainment | H23: =VLOOKUP(G23,公司归属!$B:$C,2,FALSE) -> 三七互娱
A24: Last Asylum: Plague | B24: 45905 | D24: Last Asylum: Plague | E24: 魔幻/神话/吸血鬼/幻想世界 | F24: 卡通渲染 | G24: Clouldwalker | H24: =VLOOKUP(G24,公司归属!$B:$C,2,FALSE) -> 三七互娱
A25: Fire War | B25: 46014 | D25: Fire War | E25: 丧尸 | F25: 卡通渲染 | G25: EVISTA | H25: =VLOOKUP(G25,公司归属!$B:$C,2,FALSE) -> 途游
A26: Apocalypse: New Dawn | B26: 46014 | D26: =VLOOKUP(#REF!,产品归属!$B:$E,4,FALSE) -> #REF! | E26: 荒漠/沙漠/末日废土 | F26: 卡通渲染 | G26: XFire Games | H26: =VLOOKUP(G26,公司归属!$B:$C,2,FALSE) -> 高图
A27: Wildland Survivor | B27: 46014 | D27: =VLOOKUP(#REF!,产品归属!$B:$E,4,FALSE) -> #REF! | E27: 荒漠/沙漠/末日废土 | F27: 写实 | G27: Germer Studio | H27: =VLOOKUP(G27,公司归属!$B:$C,2,FALSE) -> Germer Studio
A28: Yummigo | B28: 45908 | D28: Yummigo | E28: 帕鲁/宠物小精灵/宠物进化 | F28: 卡通渲染 | G28: SkyRise | H28: =VLOOKUP(G28,公司归属!$B:$C,2,FALSE) -> IGG 天盟数码
A29: Within the Dome: Survival | B29: 45931 | D29: =VLOOKUP(#REF!,产品归属!$B:$E,4,FALSE) -> #REF! | E29: 荒漠/沙漠/末日废土 | F29: 卡通渲染 | G29: Skystone Games | H29: =VLOOKUP(G29,公司归属!$B:$C,2,FALSE) -> 沐瞳
A30: Hope War | B30: 46010 | D30: Hope War 希望战争 | E30: 丧尸 | F30: 卡通渲染 | G30: StarFortune | H30: =VLOOKUP(G30,公司归属!$B:$C,2,FALSE) -> 星合
A31: Legion Forge | B31: 46010 | D31: Legion Forge | E31: 魔幻/神话/吸血鬼/幻想世界 | F31: 卡通渲染 | G31: DHGames | H31: =VLOOKUP(G31,公司归属!$B:$C,2,FALSE) -> DHGames 卓杭
A32: Police War | B32: 46010 | D32: Police War | E32: 黑帮 | F32: 卡通渲染 | G32: VoyagerOne | H32: =VLOOKUP(G32,公司归属!$B:$C,2,FALSE) -> 友塔
A33: Last Furry: Survival | B33: 45979 | D33: Last Furry: Survival 狂化启示录 | E33: 动物拟人 | F33: 卡通渲染 | G33: StarUnion | H33: =VLOOKUP(G33,公司归属!$B:$C,2,FALSE) -> 星合
A34: King Fortress | B34: 45995 | D34: King Fortress | E34: 中世纪/多文明 | F34: 写实 | G34: TipTide Games | H34: =VLOOKUP(G34,公司归属!$B:$C,2,FALSE) -> TipTide Games
A35: Last Extraction: Zombie Tide | B35: 46008 | D35: Last Extraction: Zombie Tide 最后的撤离：丧尸潮 | E35: 丧尸 | F35: 写实 | G35: Triathlon HK | H35: =VLOOKUP(G35,公司归属!$B:$C,2,FALSE) -> 趣加
A36: The War | B36: 46006 | D36: The War | E36: 丧尸 | F36: 卡通渲染 | G36: Ark Game | H36: =VLOOKUP(G36,公司归属!$B:$C,2,FALSE) -> 途游
A37: Lost Day: Survival | B37: 46004 | D37: Lost Day: Survival 沦陷日：生存 | E37: 丧尸 | F37: 卡通渲染 | G37: Lucky Star Techonology Limited | H37: =VLOOKUP(G37,公司归属!$B:$C,2,FALSE) -> 智明星通
A38: Frontline Raiders | B38: 46004 | D38: Frontline Raiders 前线突击队 | E38: 丧尸 | F38: 写实 | G38: Moblazer | H38: =VLOOKUP(G38,公司归属!$B:$C,2,FALSE) -> Moblazer
A39: MineZ Survivor: The Apocalypse | B39: 46003 | D39: MineZ Survivor: The Apocalypse | E39: 丧尸 | F39: 卡通渲染 | G39: Mr Blockman Action Games | H39: =VLOOKUP(G39,公司归属!$B:$C,2,FALSE) -> Mr Blockman Action Games
A40: Poker Chess Heroes | B40: 46003 | D40: Poker Chess Heroes | E40: 魔幻/神话/吸血鬼/幻想世界 | F40: 卡通渲染 | G40: PokerVerse | H40: =VLOOKUP(G40,公司归属!$B:$C,2,FALSE) -> PokerVerse
A41: Last Shelter: War Z | B41: 46000 | D41: =VLOOKUP(#REF!,产品归属!$B:$E,4,FALSE) -> #REF! | E41: 丧尸 | F41: 写实 | G41: LAST ORIGIN STUDIO LIMITED | H41: =VLOOKUP(G41,公司归属!$B:$C,2,FALSE) -> 龙创悦动
A42: Dice Attack: Roguelike Battle | B42: 45447 | D42: Dice Attack: Roguelike Battle 骰子进攻 | E42: 中世纪/多文明 | F42: 卡通渲染 | G42: Fun Games Teknoloji | H42: =VLOOKUP(G42,公司归属!$B:$C,2,FALSE) -> Fun Games Teknoloji
A43: Xeno Warpath | B43: 45992 | D43: Xeno Warpath | E43: 太空科幻 | F43: 写实 | G43: Wanda Cinemas Games | H43: =VLOOKUP(G43,公司归属!$B:$C,2,FALSE) -> 万达电影游戏
A44: Highway Survival | B44: 45990 | D44: =VLOOKUP(#REF!,产品归属!$B:$E,4,FALSE) -> #REF! | E44: 丧尸 | F44: 卡通渲染 | G44: RATING | H44: =VLOOKUP(G44,公司归属!$B:$C,2,FALSE) -> 掌趣
A45: Last Oasis Survivor | B45: 45977 | D45: =VLOOKUP(#REF!,产品归属!$B:$E,4,FALSE) -> #REF! | E45: 荒漠/沙漠/末日废土 | F45: 卡通渲染 | G45: IT Networks | H45: =VLOOKUP(G45,公司归属!$B:$C,2,FALSE) -> IT Networks
A46: Top Survivor | B46: 45988 | D46: =VLOOKUP(#REF!,产品归属!$B:$E,4,FALSE) -> #REF! | E46: 丧尸 | F46: 卡通渲染 | G46: Pixelunit Limited | H46: =VLOOKUP(G46,公司归属!$B:$C,2,FALSE) -> Pixelunit Limited
A47: Dino Cataclysm: Survival | B47: 45985 | D47: Dino Cataclysm: Survival | E47: 怪兽/现代恐龙 | F47: 写实 | G47: Phantix Games | H47: =VLOOKUP(G47,公司归属!$B:$C,2,FALSE) -> 友塔
A48: Crown Heart | B48: 45786 | C48: 46031 | D48: Crown Heart | E48: 帕鲁/宠物小精灵/宠物进化 | F48: 卡通渲染 | G48: YOUR GAMES LIMITED | H48: =VLOOKUP(G48,公司归属!$B:$C,2,FALSE) -> YOUR GAMES LIMITED
A49: Mini Survivalist | B49: 45982 | D49: Mini Survivalist | E49: 微缩世界 | F49: 写实 | G49: psymonk apps | H49: =VLOOKUP(G49,公司归属!$B:$C,2,FALSE) -> 趣加
A50: Fortune Hunter: Golden Saga | B50: 45894 | D50: Fortune Hunter: Golden Saga | E50: 魔幻/神话/吸血鬼/幻想世界 | F50: 卡通渲染 | G50: StarFortune | H50: =VLOOKUP(G50,公司归属!$B:$C,2,FALSE) -> 星合
A51: Z Route: Redemption | B51: 45981 | D51: =VLOOKUP(#REF!,产品归属!$B:$E,4,FALSE) -> #REF! | E51: 丧尸 | F51: 写实 | G51: PRISM GAMES | H51: =VLOOKUP(G51,公司归属!$B:$C,2,FALSE) -> 三七互娱
A52: Apex Ring: Wrestling | B52: 45980 | D52: Apex Ring: Wrestling | E52: 工业/商业模拟 | F52: 写实 | G52: Dreams Pharos | H52: =VLOOKUP(G52,公司归属!$B:$C,2,FALSE) -> 深圳维克斯
A53: Fury Metal: Dust Survival | B53: 45979 | D53: Fury Metal: Dust Survival | E53: 荒漠/沙漠/末日废土 | F53: 写实 | G53: Posvo Limited | H53: =VLOOKUP(G53,公司归属!$B:$C,2,FALSE) -> Posvo Limited
A54: ZombieWorks | B54: 45976 | D54: ZombieWorks | E54: 丧尸 | F54: 卡通渲染 | G54: Pylon Games | H54: =VLOOKUP(G54,公司归属!$B:$C,2,FALSE) -> Bytedance 字节跳动
A55: Desolate Wasteland | B55: 45951 | D55: Desolate Wasteland | E55: 荒漠/沙漠/末日废土 | F55: 写实 | G55: Heart Survey | H55: =VLOOKUP(G55,公司归属!$B:$C,2,FALSE) -> 福建山竹啵啵
A56: The Last Dawn: Survival | B56: 45974 | C56: 45986 | D56: The Last Dawn: Survival | E56: 丧尸 | F56: 写实 | G56: Orient Treasure Moon | H56: =VLOOKUP(G56,公司归属!$B:$C,2,FALSE) -> Tencent 腾讯
A57: Death Revolution | B57: 45789 | D57: Death Revolution 死亡革命 | E57: 丧尸 | F57: 卡通渲染 | G57: LuckyLink | H57: =VLOOKUP(G57,公司归属!$B:$C,2,FALSE) -> 龙腾简合
A58: Beat Idol | B58: 45925 | D58: Beat Idol | E58: 工业/商业模拟 | F58: 写实 | G58: Larks Holding | H58: =VLOOKUP(G58,公司归属!$B:$C,2,FALSE) -> 尼毕鲁
A59: Bone War | B59: 45966 | D59: Bone War | E59: 丧尸 | F59: 卡通渲染 | G59: Bravo Games | H59: =VLOOKUP(G59,公司归属!$B:$C,2,FALSE) -> 趣加
A60: Pepp Heroes: Relic Quest | B60: 45965 | D60: Pepp Heroes: Relic Quest | E60: 魔幻/神话/吸血鬼/幻想世界 | F60: 卡通渲染 | G60: Com2uS | H60: =VLOOKUP(G60,公司归属!$B:$C,2,FALSE) -> Com2uS
A61: Antpire: Survival | B61: 45964 | C61: 46006 | D61: Antpire: Survival | E61: 蚂蚁 | F61: 写实 | G61: Clouldwalker | H61: =VLOOKUP(G61,公司归属!$B:$C,2,FALSE) -> 三七互娱
A62: Front War: Survival | B62: 45516 | D62: =VLOOKUP(#REF!,产品归属!$B:$E,4,FALSE) -> #REF! | E62: 冰雪 | F62: 写实 | G62: Volcano Force | H62: =VLOOKUP(G62,公司归属!$B:$C,2,FALSE) -> 原力棱镜
A63: Last Trigger | B63: 45929 | D63: =VLOOKUP(#REF!,产品归属!$B:$E,4,FALSE) -> #REF! | E63: 丧尸 | F63: 卡通渲染 | G63: SkyRise | H63: =VLOOKUP(G63,公司归属!$B:$C,2,FALSE) -> IGG 天盟数码
A64: Endless Sea™ | D64: Endless Sea™ | E64: 海岛/水世界/木筏 | F64: 卡通渲染 | G64: Immersive Games HK | H64: =VLOOKUP(G64,公司归属!$B:$C,2,FALSE) -> IGG 天盟数码
D65: =VLOOKUP(#REF!,产品归属!$B:$E,4,FALSE) -> #REF! | H65: =VLOOKUP(G65,公司归属!$B:$C,2,FALSE) -> #N/A
D66: =VLOOKUP(#REF!,产品归属!$B:$E,4,FALSE) -> #REF! | H66: =VLOOKUP(G66,公司归属!$B:$C,2,FALSE) -> #N/A
D67: =VLOOKUP(#REF!,产品归属!$B:$E,4,FALSE) -> #REF! | H67: =VLOOKUP(G67,公司归属!$B:$C,2,FALSE) -> #N/A
D68: =VLOOKUP(#REF!,产品归属!$B:$E,4,FALSE) -> #REF! | H68: =VLOOKUP(G68,公司归属!$B:$C,2,FALSE) -> #N/A
D69: =VLOOKUP(#REF!,产品归属!$B:$E,4,FALSE) -> #REF! | H69: =VLOOKUP(G69,公司归属!$B:$C,2,FALSE) -> #N/A
D70: =VLOOKUP(#REF!,产品归属!$B:$E,4,FALSE) -> #REF! | H70: =VLOOKUP(G70,公司归属!$B:$C,2,FALSE) -> #N/A
D71: =VLOOKUP(#REF!,产品归属!$B:$E,4,FALSE) -> #REF! | H71: =VLOOKUP(G71,公司归属!$B:$C,2,FALSE) -> #N/A
D72: =VLOOKUP(#REF!,产品归属!$B:$E,4,FALSE) -> #REF! | H72: =VLOOKUP(G72,公司归属!$B:$C,2,FALSE) -> #N/A
D73: =VLOOKUP(#REF!,产品归属!$B:$E,4,FALSE) -> #REF! | H73: =VLOOKUP(G73,公司归属!$B:$C,2,FALSE) -> #N/A
D74: =VLOOKUP(#REF!,产品归属!$B:$E,4,FALSE) -> #REF! | H74: =VLOOKUP(G74,公司归属!$B:$C,2,FALSE) -> #N/A
D75: =VLOOKUP(#REF!,产品归属!$B:$E,4,FALSE) -> #REF! | H75: =VLOOKUP(G75,公司归属!$B:$C,2,FALSE) -> #N/A
D76: =VLOOKUP(#REF!,产品归属!$B:$E,4,FALSE) -> #REF! | H76: =VLOOKUP(G76,公司归属!$B:$C,2,FALSE) -> #N/A
... D157: =VLOOKUP(#REF!,产品归属!$B:$E,4,FALSE) -> #REF! | H157: =VLOOKUP(G157,公司归属!$B:$C,2,FALSE) -> #N/A

Sheet 公司归属
A1: NO. | B1: Unified Publisher Name | C1: 公司归属
A2: 1 | B2: IGG 天盟数码 | C2: IGG 天盟数码
A3: 2 | B3: TOP GAMES | C3: TOP GAMES
A4: 3 | B4: Yotta | C4: 友塔
A5: 4 | B5: FunPlus | C5: 趣加
A6: 5 | B6: Lilith 莉莉丝 | C6: 莉莉丝
A7: 6 | B7: ELEX 智明星通 | C7: 智明星通
A8: 7 | B8: River Game HK | C8: River Game HK
A9: 8 | B9: Camel Games 壳木 | C9: 壳木
A10: 9 | B10: Interesting Game Network | C10: 龙创
A11: 10 | B11: Century Games | C11: 点点
A12: 11 | B12: FirstFun | C12: FirstFun
A13: 12 | B13: Tap4fun (Hong Kong) | C13: 尼毕鲁
... A491: 490 | B491: Madfun | C491: Madfun
B492: Lucky Star Techonology Limited | C492: 智明星通
B493: Moblazer | C493: Moblazer
B494: Fun Games Teknoloji | C494: Fun Games Teknoloji
B495: Com2uS | C495: Com2uS
B496: LuckyLink | C496: 龙腾简合
B497: Mankirk | C497: Mankirk
B498: DHGames | C498: DHGames 卓杭
B499: silas makokha | C499: 点点
B500: Mr Blockman Action Games | C500: Mr Blockman Action Games
B501: ZHU HAI WEN JING TECHNOLOGY CO.LTD | C501: ZHU HAI WEN JING TECHNOLOGY CO.LTD
B502: PokerVerse | C502: PokerVerse
B503: RABII KORCHI | C503: RABII KORCHI
... B528: Heart Survey | C528: 福建山竹啵啵

Sheet 产品归属
A1: NO. | B1: 产品名（实时更新中） | C1: 总表匹配结果 | D1: Unified ID | E1: 产品归属 | F1: 排查结果 | G1: 题材 | H1: 入口玩法/副玩法-1 | I1: 入口玩法/副玩法-2 | J1: 入口玩法/副玩法/展示策略 | K1: 画风 | L1: 发行商 | M1: 公司归属
A2: 1 | B2: انتقام السلاطين | C2: انتقام السلاطين | D2: 56d6407f64235a7413000001 | E2: 苏丹的复仇 انتقام السلاطين | G2: 中世纪/多文明 | H2: 角色养成 | K2: 写实 | L2: ONEMT | M2: 龙腾简合
A3: 2 | B3: ASTROKINGS: Galactic Survival | C3: ASTROKINGS: Galactic Survival | D3: 5b29a9b114ba675ef41f2ed8 | E3: ASTROKINGS: Galactic Survival 太空王国：宇宙生存战 | G3: 航海/海盗 | K3: 写实 | L3: Tilting Point | M3: Tilting Point
A4: 3 | B4: Ace Division | C4: Ace Division | D4: 67625ce14599a501d5174cd1 | E4: Ace Division 王牌部队 | G4: 现代战争 | K4: 写实 | L4: MBC Group | M4: MBC Group
A5: 4 | B5: Ace Division : فرقة النخبة | C5: #N/A | D5: #N/A | E5: Ace Division 王牌部队中东服 | F5: ST无数据 | G5: 现代战争 | K5: 写实 | L5: MBC Group | M5: MBC Group
A6: 5 | B6: Adventure War | C6: Adventure War | D6: 66fa0c5c1d30b813da3954d5 | E6: Adventure War 冒险战争 | G6: 航海/海盗 | H6: 益智解谜 | K6: 卡通渲染 | L6: Lucky Fortune Games | M6: luckyfortunegames
A7: 6 | B7: Age of Apes | C7: Age of Apes | D7: 5de310bf5c6ace5b5d91ae50 | E7: Age of Apes 猿族时代 | G7: 动物拟人 | K7: 卡通渲染 | L7: FunPlus | M7: 趣加
A8: 7 | B8: Age of Dino | C8: #N/A | D8: #N/A | E8: Age of Dino 恐龙时代 | F8: 下架 | G8: 原始人/石器时代/恐龙时代 | K8: 卡通渲染 | L8: Gamephilos Studio | M8: GAMEPHILOS SINGAPORE
A9: 8 | B9: Age of Empires Mobile | C9: Age of Empires Mobile | D9: 65d5c34346b00723e5e77ebd | E9: Age of Empires Mobile 帝国时代移动版 | G9: 中世纪/多文明 | H9: IP展示/蹭IP | K9: 写实 | L9: Tencent | M9: Tencent 腾讯
A10: 9 | B10: Age of Evolution | C10: Age of Evolution | D10: 63996271173d0f77aa1fb21b | E10: Age of Evolution 进化时代 | G10: 文明进化 | K10: 卡通渲染 | L10: 4399 Games | M10: 4399 Games
A11: 10 | B11: Age of Kings: Skyward Battle | C11: Age of Kings: Skyward Battle | D11: 5643d44002ac64581b000002 | E11: Age of Kings: Skyward Battle 王权争霸：天际之战 | G11: 中世纪/多文明 | K11: 写实 | L11: Elex Technology | M11: 智明星通
A12: 11 | B12: Age of Monarchy | C12: Age of Monarchy | D12: 662c0a73b3ae271b107b8835 | E12: Age of Monarchy 君主时代 | G12: 中世纪/多文明 | H12: 模拟经营 | K12: 写实 | L12: ATOMGAMES | M12: ATOMGAMES
A13: 12 | B13: Age of Origins:Tower Defense | C13: Age of Origins:Tower Defense | D13: 5ba1a19def71a76da561ca41 | E13: Age of Origins:Tower Defense 旭日之城 | G13: 丧尸 | K13: 写实 | L13: Atlas Studio | M13: 趣加
A14: 13 | B14: Age of Z | C14: #N/A | D14: #N/A | E14: Age of Origins:Tower Defense 旭日之城 | F14: 改名 | G14: 丧尸 | K14: 写实 | L14: Camel Games | M14: 壳木
A15: 14 | B15: Age of Origins:Tower Defense | C15: Age of Origins:Tower Defense | D15: 5ba1a19def71a76da561ca41 | E15: Age of Origins:Tower Defense 旭日之城 | G15: 丧尸 | K15: 写实 | L15: Camel Games | M15: 壳木
A16: 15 | B16: Age of Warpath: Global Warzone | C16: Age of Warpath: Global Warzone | D16: 6600ce3df7516f24e66be439 | E16: Age of Warpath: Global Warzone 战争时代：全球战区 | G16: 现代战争 | K16: 写实 | L16: Letang Network Technology | M16: 乐堂
A17: 16 | B17: Age of Warring Empire | C17: Age of Warring Empire | D17: 551b8b9dacaabbdf5000001e | E17: Age of Warring Empire 帝国战争 | G17: 中世纪/多文明 | K17: 写实 | L17: Elex Technology | M17: 智明星通
A18: 17 | B18: Airstrike Assault | C18: #N/A | D18: #N/A | E18: Airstrike Assault 空中打击 | F18: ST无数据 | G18: 现代战争 | K18: 写实 | L18: Bravo Games | M18: 趣加
A19: 18 | B19: Ancient Relic | C19: Ancient Relic | D19: 62c7e2911800970513aef782 | E19: Ancient Relic 古代遗迹 | G19: 原始人/石器时代/恐龙时代 | K19: 卡通渲染 | L19: 37 Interactive Entertainment | M19: 三七互娱
A20: 19 | B20: Ant Kingdom: Survival War | C20: #N/A | D20: #N/A | E20: Ant Kingdom: Survival War 蚂蚁王国：幸存者战争 | F20: 下架 | G20: 蚂蚁 | K20: 卡通渲染 | L20: Clouldwalker | M20: 三七互娱
A21: 20 | B21: Ant Legion: For The Swarm | C21: Ant Legion: For The Swarm | D21: 61b1f7b96ffae75bc24b4d78 | E21: Ant Legion: For The Swarm 蚂蚁军团 | G21: 蚂蚁 | H21: 数字门/跑酷 | I21: 角色养成 | K21: 写实 | L21: FunPlus | M21: 趣加
A22: 21 | B22: Ape Avengers | C22: Ape Avengers | D22: 657bbf1514498b12513b4b6c | E22: Ape Avengers 猿族之怒 | G22: 动物拟人 | K22: 卡通渲染 | L22: Tap4Fun | M22: 尼毕鲁
A23: 22 | B23: Ape Chaos | C23: Ape Chaos | D23: 657a855474d0e66f4f2e1aad | E23: Ape Chaos 巨猿战场 | G23: 动物拟人 | H23: IP展示/蹭IP | K23: 写实 | L23: Tap4Fun | M23: 尼毕鲁
A24: 23 | B24: Ape Commandos | C24: Ape Commandos | D24: 6737ad4227e2c12449540d23 | E24: Ape Commandos 猴子冲突 | G24: 动物拟人 | K24: 卡通渲染 | L24: Tap4Fun | M24: 尼毕鲁
A25: 24 | B25: Ape Land | C25: Ape Land | D25: 6776ad3227e2c1ec81612792 | E25: Ape Land 时代之地 | G25: 动物拟人 | K25: 卡通渲染 | L25: Tap4Fun | M25: 尼毕鲁
A26: 25 | B26: Ape TD: Central Defense | C26: Ape TD: Central Defense | D26: 657a9922143f3d466240844b | E26: Ape TD: Central Defense 猿猴塔防：中央防御 | G26: 动物拟人 | K26: 卡通渲染 | L26: Tap4Fun | M26: 尼毕鲁
A27: 26 | B27: Ape TD: Tower Takeover | C27: #N/A | D27: #N/A | E27: Ape TD: Central Defense 猿猴塔防：中央防御 | F27: 改名 | G27: 动物拟人 | K27: 卡通渲染 | L27: Tap4fun | M27: 尼毕鲁
A28: 27 | B28: Ape Warforts | C28: Ape Warforts | D28: 68b790d97804e2faa545b1a2 | E28: Ape Warforts 猿人战争堡垒 | G28: 动物拟人 | K28: 卡通渲染 | L28: Tap4Fun | M28: 尼毕鲁
A29: 28 | B29: Apex Girl | C29: Apex Girl | D29: 672b2077e986df6c4b8472f7 | E29: Apex Girl 顶级女孩 | G29: 工业/商业模拟 | H29: 美女养成 | K29: 写实 | L29: Tap4Fun | M29: 尼毕鲁
A30: 29 | B30: Apocalypse: New Dawn | C30: Apocalypse: New Dawn | D30: 68d8a63e7af55e79036a9f7b | E30: Apocalypse: New Dawn 末日：新黎明 | G30: 荒漠/沙漠/末日废土 | H30: 美女养成 | K30: 写实 | L30: XFire Games
A31: 30 | B31: Arcane Clash：Frost War | C31: Arcane Clash：Frost War | D31: 67b339a827e2c11420534e0e | E31: Arcane Clash：Frost War 神秘对决：冰封战争 | G31: 魔幻/神话/吸血鬼/幻想世界 | H31: 美女养成 | K31: 卡通渲染 | L31: xh&puzzle | M31: 三七互娱
A32: 31 | B32: Ark of War: Aim for the cosmos | C32: Ark of War: Aim for the cosmos | D32: 56cb9e3409428bf93f00015e | E32: Ark of War: Aim for the cosmos 星际海盗：星海舰队 | G32: 太空科幻 | H32: 美女养成 | K32: 写实 | L32: Seven Pirates | M32: Seven Pirates
A33: 32 | B33: Armada: Warship Legends | C33: #N/A | D33: #N/A | E33: Armada: Warships Legends 无敌舰队 | F33: 改名 | G33: 现代战争 | H33: 美女养成 | K33: 写实 | L33: TikoFun Games | M33: TikoFun
A34: 33 | B34: Armada: Warships Legends | C34: Armada: Warships Legends | D34: 6393103c42019c61acf94d10 | E34: Armada: Warships Legends 无敌舰队 | G34: 现代战争 | H34: 美女养成 | K34: 写实 | L34: TikoFun Games | M34: TikoFun
A35: 34 | B35: Art of Conquest : Airships | C35: Art of Conquest : Airships | D35: 5ba2792140ef3c2484aeedd7 | E35: Art of Conquest : Airships 剑与家园：飞空艇时代 | G35: 魔幻/神话/吸血鬼/幻想世界 | H35: 即使战略/红警 | K35: 卡通渲染 | L35: Lilith Games | M35: 莉莉丝
A36: 35 | B36: Art of War 3:RTS strategy game | C36: Art of War 3:RTS strategy game | D36: 573dcece82c356585e0006f5 | E36: Art of War 3:RTS strategy game 全球冲突 | G36: 现代战争 | H36: 即使战略/红警 | K36: 写实 | L36: 37 Interactive Entertainment | M36: 三七互娱
A37: 36 | B37: Asefat Al-Harb | C37: Asefat Al-Harb | D37: 5e20e5114de76e3e8b9e07dc | E37: Asefat Al-Harb 战争风暴 | G37: 现代战争 | K37: 写实 | L37: Stillfront Group | M37: Stillfront Group
A38: 37 | B38: Avatar: Realms Collide | C38: Avatar: Realms Collide | D38: 66698f4fb3ae27fc1429e36b | E38: Avatar: Realms Collide 降世神通 | G38: 魔幻/神话/吸血鬼/幻想世界 | H38: IP展示/蹭IP | K38: 二次元 | L38: Tilting Point | M38: Tilting Point
A39: 38 | B39: Battle Kiss:Girl's Survival | C39: Battle Kiss:Girl's Survival | D39: 685de571e53934433ee61da4 | E39: Battle Kiss:Girl's Survival 战斗之吻 | G39: 丧尸 | H39: 美女养成 | I39: 数字门/跑酷 | K39: 二次元 | L39: Smart Fun | M39: 天龙互娱
A40: 39 | B40: Battle Warship: Naval Empire | C40: Battle Warship: Naval Empire | D40: 58b61f3ad9c900778700ba11 | E40: Battle Warship: Naval Empire 战舰：海军帝国 | G40: 现代战争 | K40: 写实 | L40: Baidu | M40: Baidu
A41: 40 | B41: BattleTown: Wasteland | C41: #N/A | D41: #N/A | E41: BattleTown: Wasteland 战斗小镇：废土 | F41: ST无数据 | G41: 丧尸 | H41: 塔防 | K41: 卡通渲染 | L41: RATING GAME | M41: 掌趣
A42: 41 | B42: Beacon's Brink | C42: Beacon's Brink | D42: 66440908a940b7efee09cd8c | E42: Beacon's Brink 贝肯的边境 | G42: 丧尸 | H42: 模拟经营 | K42: 卡通渲染 | L42: JW software | M42: 壳木
A43: 42 | B43: Frontier City | C43: #N/A | D43: #N/A | E43: Beacon's Brink 贝肯的边境 | F43: 改名 | G43: 丧尸 | K43: 卡通渲染 | L43: JW software | M43: 壳木
A44: 43 | B44: Beacon's Brink | C44: Beacon's Brink | D44: 66440908a940b7efee09cd8c | E44: Beacon's Brink 贝肯的边境 | G44: 丧尸 | K44: 卡通渲染 | L44: JW software | M44: 壳木
A45: 44 | B45: Beast Lord: The New Land | C45: Beast Lord: The New Land | D45: 63acf6f5cb85743db5371241 | E45: Beast Lord: The New Land 野兽领主：新世界 | G45: 动物拟人 | H45: 模拟经营 | K45: 写实 | L45: 37 Interactive Entertainment | M45: 三七互娱
A46: 45 | B46: キング・オブ・ビースト：新世界 | C46: #N/A | D46: #N/A | E46: Beast Lord: The New Land 野兽领主：新世界日服 | F46: ST无数据 | G46: 动物拟人 | K46: 写实 | L46: StarUnion | M46: 星合
A47: 46 | B47: 비스트 로드: 더 뉴 랜드 | C47: 비스트 로드: 더 뉴 랜드 | D47: 678492b61c5ca1e4d34da949 | E47: Beast Lord: The New Land 野兽领主：新世界韩服 | G47: 动物拟人 | K47: 写实 | L47: StarUnion | M47: 星合
A48: 47 | B48: Binh Đoàn Z | C48: #N/A | D48: #N/A | E48: Binh Đoàn Z Z军团 | F48: ST无数据 | G48: 丧尸 | H48: 数字门/跑酷 | K48: 写实 | L48: Công ty Cổ phần 3T online | M48: CÔNG TY CỔ PHẦN GIẢI TRÍ TRỰC TUYẾN 3T
A49: 48 | B49: Blaze of Battle | C49: Blaze of Battle | D49: 56790f9d02ac6477c8000253 | E49: Blaze of Battle 战场之刃 | G49: 魔幻/神话/吸血鬼/幻想世界 | K49: 写实 | L49: Tripledot Studios | M49: Leyi 乐易
A50: 49 | B50: Blue Castaways | C50: Blue Castaways | D50: 683f92c9025c476eff79f70c | E50: Blue Castaways 碧蓝幸存者 | G50: 海岛/水世界/木筏 | K50: 卡通渲染 | L50: Movga Games | M50: 北京艺亮
A51: 50 | B51: Bonk Bonk Tribe | C51: Bonk Bonk Tribe | D51: 68a57459b905dc2de0fecd36 | E51: Bonk Bonk Tribe 时光大爆炸海外服 | G51: 文明进化 | K51: 卡通渲染 | L51: 37 Interactive Entertainment | M51: 三七互娱
A52: 51 | B52: Boom Blast: Doomsday | C52: Boom Blast: Doomsday | D52: 66e8a025d0a297e0b9d830ba | E52: Boom Blast: Doomsday 末日大炮 | G52: 丧尸 | H52: 拆迁 | K52: 卡通渲染 | L52: FunPlus | M52: 趣加
A53: 52 | B53: Boom! Zombies | C53: #N/A | D53: #N/A | E53: Boom Zombies 爆炸吧丧尸 | F53: 改名 | G53: 丧尸 | K53: 卡通渲染 | L53: ONEMT | M53: 龙腾简合
A54: 53 | B54: Boom Zombies | C54: Boom Zombies | D54: 687480e633ba0ac784c24d35 | E54: Boom Zombies 爆炸吧丧尸 | G54: 丧尸 | H54: 物理模拟 | K54: 卡通渲染 | L54: ONEMT | M54: 龙腾简合
A55: 54 | B55: Bounce Hero | C55: #N/A | D55: #N/A | E55: Bounce Hero 反弹英雄 | F55: ST无数据 | G55: 丧尸 | H55: 数字门/跑酷 | K55: 卡通渲染 | L55: Moonlife HK | M55: 趣加
A56: 55 | B56: Breakout: Last Survival | C56: Breakout: Last Survival | D56: 66e0e4f1aceb2b0983a9b3e9 | E56: Breakout: Last Survival 突破：最后的生存 | G56: 丧尸 | H56: 倒小球 | K56: 卡通渲染 | L56: Moonlife HK | M56: 趣加
A57: 56 | B57: Bricks Kingdom: Endeavor | C57: #N/A | D57: #N/A | E57: Bricks Kingdom: Endeavor | F57: 下架 | G57: 乐高 | K57: 卡通渲染 | L57: Oblivion land | M57: 龙腾简合
A58: 57 | B58: Brutal Age: Horde Invasion | C58: Brutal Age: Horde Invasion | D58: 579f0a313073e8084800090a | E58: Brutal Age: Horde Invasion 野蛮时代 | G58: 原始人/石器时代/恐龙时代 | K58: 卡通渲染 | L58: Scorewarrior | M58: Scorewarrior
A59: 58 | B59: Build Master: Bridge Race | C59: Build Master: Bridge Race | D59: 62d92bdc43ec765f5d8e8436 | E59: Build Master: Bridge Race 建造大师 桥梁竞赛 | G59: 工业/商业模拟 | H59: 物理模拟 | K59: 卡通渲染 | L59: Lilith Games | M59: 莉莉丝
A60: 59 | B60: Call of Antia: Match 3 RPG | C60: Call of Antia: Match 3 RPG | D60: 610b3e5f8c97ed68c084669f | E60: Call of Antia: Match 3 RPG 安提娅的召唤 | G60: 魔幻/神话/吸血鬼/幻想世界 | H60: 三消 | K60: 写实 | L60: FunPlus | M60: 趣加
A61: 60 | B61: Call of Dragons | C61: Call of Dragons | D61: 62f32a5044136e0eba10c9ba | E61: Call of Dragons 万龙觉醒 | G61: 魔幻/神话/吸血鬼/幻想世界 | K61: 卡通渲染 | L61: Lilith Games | M61: 莉莉丝
A62: 61 | B62: Call of Spartan | C62: Call of Spartan | D62: 5833e8206a3c1b0bc000071a | E62: Call of Spartan 斯巴达的召唤 | G62: 中世纪/多文明 | K62: 卡通渲染 | L62: Wang Xin | M62: Wang Xin
A63: 62 | B63: Castle Clash: World Ruler | C63: Castle Clash: World Ruler | D63: 55d3a1a802ac64350a000d23 | E63: Castle Clash: World Ruler 城堡争霸 | G63: 魔幻/神话/吸血鬼/幻想世界 | K63: 卡通渲染 | L63: Tap4Fun | M63: 尼毕鲁
A64: 63 | B64: Castle Crush：Epic Battle | C64: Castle Crush：Epic Battle | D64: 56b2ebad02ac64379c000008 | E64: Castle Crush：Epic Battle 城堡粉碎战 | G64: 魔幻/神话/吸血鬼/幻想世界 | H64: 角色养成 | K64: 卡通渲染 | L64: Tap4Fun | M64: 尼毕鲁
A65: 64 | B65: Castle Empire | C65: Castle Empire | D65: 6442297e6287e55419d54cbd | E65: Castle Empire 火与剑 | G65: 魔幻/神话/吸血鬼/幻想世界 | K65: 卡通渲染 | L65: HaoPlay (Hainan Haowan Entertainment) | M65: 好玩互动
A66: 65 | B66: Castle War | C66: Castle War | D66: 665d8102ad4adb8b1da37d5e | E66: Castle War 城堡战争 | G66: 中世纪/多文明 | K66: 卡通渲染 | L66: Game Lab | M66: 江娱&元趣&元点
A67: 66 | B67: Winter Lord | C67: #N/A | D67: #N/A | E67: Castle War 城堡战争 | F67: 改名 | G67: 冰雪 | H67: 模拟经营 | I67: 角色养成 | K67: 卡通渲染 | L67: Game Lab | M67: 江娱&元趣&元点
A68: 67 | B68: Castle War | C68: Castle War | D68: 665d8102ad4adb8b1da37d5e | E68: Castle War 城堡战争 | G68: 冰雪 | H68: 模拟经营 | I68: 角色养成 | K68: 卡通渲染 | L68: Game Lab | M68: 江娱&元趣&元点
A69: 68 | B69: CatDog World: After Humans | C69: CatDog World: After Humans | D69: 674eaf16a01b70bb13621c38 | E69: CatDog World: After Humans 猫狗世界：人类消失之后 | G69: 动物拟人 | K69: 卡通渲染 | L69: StarUnion | M69: 星合
A70: 69 | B70: Celtic Tribes - Strategy MMO | C70: Celtic Tribes - Strategy MMO | D70: 55c5094f02ac64f9c0002225 | E70: Celtic Tribes - Strategy MMO 凯尔特部落 | G70: 魔幻/神话/吸血鬼/幻想世界 | K70: 卡通渲染 | L70: XYRALITY | M70: XYRALITY
A71: 70 | B71: Chief Almighty | C71: Chief Almighty | D71: 59f53215ae7a880b1447b325 | E71: Chief Almighty 大酋长 | G71: 原始人/石器时代/恐龙时代 | K71: 卡通渲染 | L71: Yotta Games | M71: 友塔
A72: 71 | B72: Chief Almighty | C72: Chief Almighty | D72: 59f53215ae7a880b1447b325 | E72: Chief Almighty 大酋长 | G72: 原始人/石器时代/恐龙时代 | K72: 写实 | L72: Yotta Games | M72: 友塔
A73: 72 | B73: Эра вождей: Chief Almighty | C73: #N/A | D73: #N/A | E73: Chief Almighty 大酋长俄服 | F73: ST无数据 | G73: 原始人/石器时代/恐龙时代 | K73: 写实 | L73: Yotta Games | M73: 友塔
A74: 73 | B74: City of Crime: Gang Wars | C74: City of Crime: Gang Wars | D74: 611e09aeaedbe434d5a29359 | E74: City of Crime: Gang Wars 犯罪之城 | G74: 黑帮 | H74: RPG | K74: 写实 | L74: Tap4Fun | M74: 尼毕鲁
A75: 74 | B75: City of War:The Mafia | C75: City of War:The Mafia | D75: 66e290b85b72e1a761bddcc2 | E75: City of War:The Mafia 黑帮帝国：崛起 | G75: 黑帮 | K75: 写实 | L75: Letang Network Technology | M75: 乐堂
A76: 75 | B76: City of Wars : 龍が如く | C76: City of Wars : 龍が如く | D76: 676e65fa43283a45a6131029 | E76: City of War:The Mafia 黑帮帝国：崛起日服 | G76: 黑帮 | K76: 写实 | L76: BBGame HK | M76: BBGame HK 黑胡子游戏
A77: 76 | B77: Clash Royale | C77: Clash Royale | D77: 568a601402ac64a409000104 | E77: Clash Royale 皇室冲突 | G77: 魔幻/神话/吸血鬼/幻想世界 | K77: 卡通渲染 | L77: Tap4Fun | M77: 尼毕鲁
A78: 77 | B78: Clash Survival: Last War SLG | C78: Clash Survival: Last War SLG | D78: 641278a7a9f5e463053575c5 | E78: Clash Survival: Last War SLG 英雄冲突：末日尾兽 | G78: 魔幻/神话/吸血鬼/幻想世界 | H78: IP展示/蹭IP | K78: 卡通渲染 | L78: Soul Games Studio | M78: Soul Games Studio
A79: 78 | B79: Clash of Clans | C79: Clash of Clans | D79: 55c5025102ac64f9c0001f96 | E79: Clash of Clans 部落冲突 | G79: 魔幻/神话/吸血鬼/幻想世界 | K79: 卡通渲染 | L79: Larks Holding | M79: 尼毕鲁
A80: 79 | B80: Clash of Critters | C80: Clash of Critters | D80: 6784a85afbf6795e09526519 | E80: Clash of Critters 精灵养成记 | G80: 帕鲁/宠物小精灵/宠物进化 | H80: 角色养成 | I80: 模拟经营 | K80: 卡通渲染 | L80: Lilith Games | M80: 莉莉丝
A81: 80 | B81: Clash of Kings | C81: Clash of Kings | D81: 55c530ec02ac64f9c0002e0f | E81: Clash of Kings 列王的纷争 | G81: 中世纪/多文明 | K81: 写实 | L81: IGG | M81: IGG 天盟数码
A82: 81 | B82: Clash of Lords 2: Guild Castle | C82: Clash of Lords 2: Guild Castle | D82: 55d3a1a802ac64350a000d37 | E82: Clash of Lords 2: Guild Castle 领主之战2 | G82: 魔幻/神话/吸血鬼/幻想世界 | K82: 卡通渲染 | L82: IGG | M82: IGG 天盟数码
A83: 82 | B83: Clash of Merge: Battle Game | C83: Clash of Merge: Battle Game | D83: 614e74fd0f34dd673c7e21de | E83: Clash of Merge: Battle Game 融合冲突：战争游戏 | G83: 现代战争 | H83: 三消/Merge | K83: 卡通渲染 | L83: DragonPlus | M83: 天龙互娱
A84: 83 | B84: Clash of Queens: Light or Dark | C84: Clash of Queens: Light or Dark | D84: 568d21dc1c747815d8000771 | E84: Clash of Queens: Light or Dark 女王的纷争 | G84: 中世纪/多文明 | K84: 写实 | L84: Elex Technology | M84: 智明星通
A85: 84 | B85: Clash of Throne | C85: #N/A | D85: #N/A | E85: Clash of Throne 三国争霸 | F85: 下架 | G85: 三国/中国历史/日本战国 | K85: 写实 | L85: Heyshell HK Limited | M85: 北京开心人
A86: 85 | B86: Conquerors 2: Glory of Sultans | C86: Conquerors 2: Glory of Sultans | D86: 5d69d28293dd2c7498236877 | E86: Conquerors 2: Glory of Sultans 征服者2：苏丹的荣耀 | G86: 中世纪/多文明 | K86: 写实 | L86: IGG | M86: IGG 天盟数码
A87: 86 | B87: Conquerors: Golden Age | C87: Conquerors: Golden Age | D87: 5966dbdad6b43b50540002a2 | E87: Conquerors: Golden Age 征服者：黄金时代 | G87: 中世纪/多文明 | K87: 写实 | L87: IGG | M87: IGG 天盟数码
A88: 87 | B88: Core line:Defense | C88: #N/A | D88: #N/A | E88: Core line:Defense | F88: 下架 | G88: 现代战争 | K88: 写实 | L88: StarFortune | M88: 星合
A89: 88 | B89: Crime & Chase : Conflict City | C89: #N/A | D89: #N/A | E89: Crime Chase : Conflict City 犯罪与追捕：冲突城市 | F89: ST无数据 | G89: 黑帮 | K89: 写实 | L89: NDREAM Corporation | M89: ndream
A90: 89 | B90: Crown of Bones | C90: Crown of Bones | D90: 6727c6cb764b991042ffabe7 | E90: Crown of Bones 骸骨之冠 | G90: 魔幻/神话/吸血鬼/幻想世界 | K90: 卡通渲染 | L90: Bravo Games | M90: 趣加
A91: 90 | B91: Cup Legion | C91: Cup Legion | D91: 678ef054694fc317f17ca89c | E91: Cup Legion 杯子军团 | G91: 丧尸 | H91: 倒小球 | K91: 卡通渲染 | L91: Moonlife HK | M91: 趣加
A92: 91 | B92: Cup Survival | C92: Cup Survival | D92: 6859f231a9335f73a37506f9 | E92: Cup Survival 杯赛生存 | G92: 丧尸 | H92: 倒小球 | I92: 角色养成 | K92: 卡通渲染 | L92: Moonlife HK | M92: 趣加
A93: 92 | B93: Cup War: Survival | C93: #N/A | D93: #N/A | E93: Cup Survival 杯赛生存 | F93: 改名 | G93: 丧尸 | H93: 倒小球 | K93: 卡通渲染 | L93: Moonlife HK | M93: 趣加
A94: 93 | B94: DC: Dark Legion | C94: DC: Dark Legion | D94: 67abc0dae493b629704556db | E94: DC: Dark Legion DC：暗黑军团 | G94: 魔幻/神话/吸血鬼/幻想世界 | H94: IP展示/蹭IP | K94: 写实 | L94: FunPlus | M94: 趣加
A95: 94 | B95: Dark Hole Clash | C95: #N/A | D95: #N/A | E95: Dark Hole Clash 黑洞之主 | F95: ST无数据 | G95: 丧尸 | H95: 吞噬 | K95: 写实 | L95: Digital Kingdom | M95: 天龙互娱
A96: 95 | B96: Dark Shot Survival | C96: #N/A | D96: #N/A | E96: Dark Shot: Last Stand 黑暗射击：最后的抵抗 | F96: 改名 | G96: 丧尸 | K96: 卡通渲染 | L96: Triathlon HK | M96: 趣加
A97: 96 | B97: Dark Shot: Last Stand | C97: Dark Shot: Last Stand | D97: 6953ecde43283a5e7025609e | E97: Dark Shot: Last Stand 黑暗射击：最后的抵抗 | G97: 丧尸 | K97: 卡通渲染 | L97: Triathlon HK | M97: 趣加
A98: 97 | B98: Dark War:Survival | C98: Dark War:Survival | D98: 6573c39d5c3b423d5d04560f | E98: Dark War:Survival 黑暗战争生存 | G98: 丧尸 | H98: 末日生存 | K98: 卡通渲染 | L98: IYAGAMES | M98: IYAGAMES
A99: 98 | B99: Dawn Gathering | C99: #N/A | D99: #N/A | E99: Dawn Gathering 黎明聚会 | F99: ST无数据 | G99: 丧尸 | H99: 模拟经营 | K99: 卡通渲染 | L99: SkyRise | M99: IGG 天盟数码
A100: 99 | B100: Dawn Watch: Survival | C100: Dawn Watch: Survival | D100: 6835079b2224caa89a56cacf | E100: Dawn Watch: Survival 黎明守卫 | G100: 丧尸 | K100: 写实 | L100: StarUnion | M100: 星合
...
